gap_bin,entry_k,tp,sl,entered_trades,tp_cnt,sl_cnt,winrate,EV,ambig_same_min,none_after_entry,no_entry,no_minute_skipped
<0,0.94,0.05,0.03,66,22,26,0.3333333333333333,0.003162553507888481,2,16,12,14
<0,0.94,0.05,0.04,66,27,19,0.4090909090909091,0.006778885836681271,1,19,12,14
<0,0.94,0.05,0.05,66,30,16,0.45454545454545453,0.00771125921586316,0,20,12,14
<0,0.94,0.05,0.06,66,32,11,0.48484848484848486,0.009598977026759645,0,23,12,14
<0,0.94,0.06,0.03,66,17,30,0.25757575757575757,0.00042961916653780173,2,17,12,14
<0,0.94,0.06,0.04,66,23,21,0.3484848484848485,0.005796742075908405,1,21,12,14
<0,0.94,0.06,0.05,66,26,18,0.3939393939393939,0.006880630606605446,0,22,12,14
<0,0.94,0.06,0.06,66,28,12,0.42424242424242425,0.008990995485291064,0,26,12,14
<0,0.94,0.07,0.03,66,15,34,0.22727272727272727,-0.0009340171970985598,0,17,12,14
<0,0.94,0.07,0.04,66,21,24,0.3181818181818182,0.005342196621362954,0,21,12,14
<0,0.94,0.07,0.05,66,24,20,0.36363636363636365,0.007183660909635752,0,22,12,14
<0,0.94,0.07,0.06,66,26,14,0.3939393939393939,0.009294025788321371,0,26,12,14
<0,0.94,0.08,0.03,66,15,34,0.22727272727272727,0.001338710075628712,0,17,12,14
<0,0.94,0.08,0.04,66,21,24,0.3181818181818182,0.008524014803181133,0,21,12,14
<0,0.94,0.08,0.05,66,23,20,0.3484848484848485,0.010100385481874946,0,23,12,14
<0,0.94,0.08,0.06,66,25,14,0.3787878787878788,0.012513780663590868,0,27,12,14
<0,0.94,0.09,0.03,66,15,34,0.22727272727272727,0.0036114373483559837,0,17,12,14
<0,0.94,0.09,0.04,66,21,24,0.3181818181818182,0.011705832984999314,0,21,12,14
<0,0.94,0.09,0.05,66,23,20,0.3484848484848485,0.013585233966723429,0,23,12,14
<0,0.94,0.09,0.06,66,25,14,0.3787878787878788,0.016301659451469656,0,27,12,14
<0,0.94,0.1,0.03,66,14,35,0.21212121212121213,0.003914467651386288,0,17,12,14
<0,0.94,0.1,0.04,66,19,25,0.2878787878787879,0.012330167998246896,0,22,12,14
<0,0.94,0.1,0.05,66,21,21,0.3181818181818182,0.014361084131486164,0,24,12,14
<0,0.94,0.1,0.06,66,23,15,0.3484848484848485,0.01722902476774754,0,28,12,14
<0,0.95,0.05,0.03,67,19,35,0.2835820895522388,-0.0024462416632222354,5,8,11,14
<0,0.95,0.05,0.04,67,24,26,0.3582089552238806,-0.0005089733316345916,2,15,11,14
<0,0.95,0.05,0.05,67,29,18,0.43283582089552236,0.0034683325938513992,1,19,11,14
<0,0.95,0.05,0.06,67,32,15,0.47761194029850745,0.004834309725735838,0,20,11,14
<0,0.95,0.06,0.03,67,15,41,0.22388059701492538,-0.0056546357828496634,2,9,11,14
<0,0.95,0.06,0.04,67,19,32,0.2835820895522388,-0.004762143570665005,0,16,11,14
<0,0.95,0.06,0.05,67,24,23,0.3582089552238806,-0.00018782271980588043,0,20,11,14
<0,0.95,0.06,0.06,67,27,19,0.40298507462686567,0.001775169337451693,0,21,11,14
<0,0.95,0.07,0.03,67,14,43,0.208955223880597,-0.005356128320163094,1,9,11,14
<0,0.95,0.07,0.04,67,18,33,0.26865671641791045,-0.003568113719918734,0,16,11,14
<0,0.95,0.07,0.05,67,24,23,0.3582089552238806,0.003394266832432929,0,20,11,14
<0,0.95,0.07,0.06,67,26,19,0.3880597014925373,0.005083159792466932,0,22,11,14
<0,0.95,0.08,0.03,67,12,45,0.1791044776119403,-0.006550158170909363,1,9,11,14
<0,0.95,0.08,0.04,67,17,34,0.2537313432835821,-0.002672591331859034,0,16,11,14
<0,0.95,0.08,0.05,67,22,23,0.3283582089552239,0.00512898262587227,0,22,11,14
<0,0.95,0.08,0.06,67,24,19,0.3582089552238806,0.007116383048592839,0,24,11,14
<0,0.95,0.09,0.03,67,12,46,0.1791044776119403,-0.005206874588819813,0,9,11,14
<0,0.95,0.09,0.04,67,16,35,0.23880597014925373,-0.002075576406485901,0,16,11,14
<0,0.95,0.09,0.05,67,21,24,0.31343283582089554,0.0063230124766185366,0,22,11,14
<0,0.95,0.09,0.06,67,23,20,0.34328358208955223,0.00845966663068239,0,24,11,14
<0,0.95,0.1,0.03,67,11,47,0.16417910447761194,-0.005356128320163095,0,9,11,14
<0,0.95,0.1,0.04,67,16,35,0.23880597014925373,0.00031248329500663865,0,16,11,14
<0,0.95,0.1,0.05,67,21,24,0.31343283582089554,0.009457340834827495,0,22,11,14
<0,0.95,0.1,0.06,67,22,20,0.3283582089552239,0.011016938999356305,0,25,11,14
<0,0.96,0.05,0.03,67,13,49,0.19402985074626866,-0.012552290891843128,3,2,11,14
<0,0.96,0.05,0.04,67,21,35,0.31343283582089554,-0.007344800490957415,2,9,11,14
<0,0.96,0.05,0.05,67,25,27,0.373134328358209,-0.006519587017047954,0,15,11,14
<0,0.96,0.05,0.06,67,30,20,0.44776119402985076,-0.0014344448894395817,0,17,11,14
<0,0.96,0.06,0.03,67,10,53,0.14925373134328357,-0.01508960432467895,2,2,11,14
<0,0.96,0.06,0.04,67,19,38,0.2835820895522388,-0.007792561684987267,1,9,11,14
<0,0.96,0.06,0.05,67,23,29,0.34328358208955223,-0.006071825823018104,0,15,11,14
<0,0.96,0.06,0.06,67,29,20,0.43283582089552236,0.001642061889642108,0,18,11,14
<0,0.96,0.07,0.03,67,7,57,0.1044776119402985,-0.01852244014557447,1,2,11,14
<0,0.96,0.07,0.04,67,17,41,0.2537313432835821,-0.00883733780439025,0,9,11,14
<0,0.96,0.07,0.05,67,21,31,0.31343283582089554,-0.006221079554361385,0,15,11,14
<0,0.96,0.07,0.06,67,26,21,0.3880597014925373,0.001923372168128513,0,20,11,14
<0,0.96,0.08,0.03,67,6,58,0.08955223880597014,-0.019119455070947606,1,2,11,14
<0,0.96,0.08,0.04,67,16,42,0.23880597014925373,-0.008091069147673833,0,9,11,14
<0,0.96,0.08,0.05,67,20,32,0.29850746268656714,-0.005027049703615118,0,15,11,14
<0,0.96,0.08,0.06,67,25,21,0.373134328358209,0.0037955588537480324,0,21,11,14
<0,0.96,0.09,0.03,67,4,61,0.05970149253731343,-0.02225378342915656,0,2,11,14
<0,0.96,0.09,0.04,67,13,45,0.19402985074626866,-0.011523904968569356,0,9,11,14
<0,0.96,0.09,0.05,67,18,33,0.26865671641791045,-0.00558007522190341,0,16,11,14
<0,0.96,0.09,0.06,67,23,22,0.34328358208955223,0.0038395482608328747,0,22,11,14
<0,0.96,0.1,0.03,67,3,62,0.04477611940298507,-0.02359706701124611,0,2,11,14
<0,0.96,0.1,0.04,67,11,46,0.16417910447761194,-0.013088368116925646,0,10,11,14
<0,0.96,0.1,0.05,67,15,35,0.22388059701492538,-0.008786329415035819,0,17,11,14
<0,0.96,0.1,0.06,67,20,23,0.29850746268656714,0.0011703270655504675,0,24,11,14
<0,0.97,0.05,0.03,69,22,42,0.3188405797101449,-0.001885935139472741,2,3,9,14
<0,0.97,0.05,0.04,69,22,42,0.3188405797101449,-0.007972891661211873,2,3,9,14
<0,0.97,0.05,0.05,69,30,30,0.43478260869565216,-0.0014242200921358538,1,8,9,14
<0,0.97,0.05,0.06,69,35,23,0.5072463768115942,0.0023000049837619443,0,11,9,14
<0,0.97,0.06,0.03,69,18,47,0.2608695652173913,-0.004349703255414772,1,3,9,14
<0,0.97,0.06,0.04,69,18,46,0.2608695652173913,-0.011096290203704992,1,4,9,14
<0,0.97,0.06,0.05,69,27,33,0.391304347826087,-0.0023737055911507133,0,9,9,14
<0,0.97,0.06,0.06,69,31,25,0.4492753623188406,0.0007732018826309264,0,13,9,14
<0,0.97,0.07,0.03,69,16,49,0.2318840579710145,-0.004639558327878538,1,3,9,14
<0,0.97,0.07,0.04,69,16,48,0.2318840579710145,-0.011676000348632528,1,4,9,14
<0,0.97,0.07,0.05,69,25,35,0.36231884057971014,-0.001938922982455058,0,9,9,14
<0,0.97,0.07,0.06,69,30,26,0.43478260869565216,0.0033818975348048432,0,13,9,14
<0,0.97,0.08,0.03,69,13,53,0.18840579710144928,-0.00753810905251622,0,3,9,14
<0,0.97,0.08,0.04,69,13,52,0.18840579710144928,-0.015154261218197745,0,4,9,14
<0,0.97,0.08,0.05,69,21,38,0.30434782608695654,-0.005202426190318151,0,10,9,14
<0,0.97,0.08,0.06,69,26,27,0.37681159420289856,0.0013918011889047966,0,16,9,14
<0,0.97,0.09,0.03,69,11,55,0.15942028985507245,-0.009132311951066946,0,3,9,14
<0,0.97,0.09,0.04,69,11,54,0.15942028985507245,-0.01703831918921224,0,4,9,14
<0,0.97,0.09,0.05,69,19,40,0.2753623188405797,-0.006216918943941341,0,10,9,14
<0,0.97,0.09,0.06,69,23,29,0.3333333333333333,-0.0012719305201545586,0,17,9,14
<0,0.97,0.1,0.03,69,10,56,0.14492753623188406,-0.009422167023530712,0,3,9,14
<0,0.97,0.1,0.04,69,10,55,0.14492753623188406,-0.017473101797907887,0,4,9,14
<0,0.97,0.1,0.05,69,18,41,0.2608695652173913,-0.0056372087990138025,0,10,9,14
<0,0.97,0.1,0.06,69,21,30,0.30434782608695654,-0.0025091994166108376,0,18,9,14
0~3,0.94,0.05,0.03,43,24,14,0.5581395348837209,0.01825412202515432,3,2,9,13
0~3,0.94,0.05,0.04,43,25,12,0.5813953488372093,0.017010568791573633,2,4,9,13
0~3,0.94,0.05,0.05,43,30,9,0.6976744186046512,0.023522196698550376,0,4,9,13
0~3,0.94,0.05,0.06,43,30,9,0.6976744186046512,0.021429173442736423,0,4,9,13
0~3,0.94,0.06,0.03,43,22,16,0.5116279069767442,0.01964947086236362,3,2,9,13
0~3,0.94,0.06,0.04,43,23,14,0.5348837209302325,0.01817335948924805,2,4,9,13
0~3,0.94,0.06,0.05,43,28,11,0.6511627906976745,0.02538266181482944,0,4,9,13
0~3,0.94,0.06,0.06,43,28,11,0.6511627906976745,0.022824522279945723,0,4,9,13
0~3,0.94,0.07,0.03,43,18,20,0.4186046511627907,0.015463424350735718,3,2,9,13
0~3,0.94,0.07,0.04,43,21,16,0.4883720930232558,0.018405917628782936,2,4,9,13
0~3,0.94,0.07,0.05,43,26,12,0.6046511627906976,0.02650870422320009,0,5,9,13
0~3,0.94,0.07,0.06,43,26,12,0.6046511627906976,0.02371800654878149,0,5,9,13
0~3,0.94,0.08,0.03,43,15,22,0.3488372093023256,0.01332051427847513,3,3,9,13
0~3,0.94,0.08,0.04,43,18,18,0.4186046511627907,0.016495565696057233,2,5,9,13
0~3,0.94,0.08,0.05,43,25,12,0.5813953488372093,0.03134253833698601,0,6,9,13
0~3,0.94,0.08,0.06,43,25,12,0.5813953488372093,0.028551840662567413,0,6,9,13
0~3,0.94,0.09,0.03,43,15,22,0.3488372093023256,0.016808886371498383,3,3,9,13
0~3,0.94,0.09,0.04,43,18,18,0.4186046511627907,0.020681612207685135,2,5,9,13
0~3,0.94,0.09,0.05,43,25,12,0.5813953488372093,0.03715649182535811,0,6,9,13
0~3,0.94,0.09,0.06,43,25,12,0.5813953488372093,0.0343657941509395,0,6,9,13
0~3,0.94,0.1,0.03,43,14,24,0.32558139534883723,0.016576328231963502,2,3,9,13
0~3,0.94,0.1,0.04,43,17,20,0.3953488372093023,0.02068161220768514,1,5,9,13
0~3,0.94,0.1,0.05,43,24,13,0.5581395348837209,0.039482073220706945,0,6,9,13
0~3,0.94,0.1,0.06,43,24,12,0.5581395348837209,0.03735518612591952,0,7,9,13
0~3,0.95,0.05,0.03,44,23,16,0.5227272727272727,0.01538795258158966,4,1,8,13
0~3,0.95,0.05,0.04,44,25,14,0.5681818181818182,0.015314153403271235,3,2,8,13
0~3,0.95,0.05,0.05,44,26,12,0.5909090909090909,0.014085339486971436,2,4,8,13
0~3,0.95,0.05,0.06,44,29,11,0.6590909090909091,0.016130794032425982,0,4,8,13
0~3,0.95,0.06,0.03,44,18,21,0.4090909090909091,0.010387952581589659,4,1,8,13
0~3,0.95,0.06,0.04,44,21,18,0.4772727272727273,0.011905062494180323,3,2,8,13
0~3,0.95,0.06,0.05,44,24,14,0.5454545454545454,0.01499443039606234,2,4,8,13
0~3,0.95,0.06,0.06,44,27,12,0.6136363636363636,0.017456502983295392,0,5,8,13
0~3,0.95,0.07,0.03,44,13,26,0.29545454545454547,0.003502392172001792,3,2,8,13
0~3,0.95,0.07,0.04,44,17,21,0.38636363636363635,0.007974047539137911,3,3,8,13
0~3,0.95,0.07,0.05,44,20,17,0.45454545454545453,0.011063415441019929,2,5,8,13
0~3,0.95,0.07,0.06,44,26,12,0.5909090909090909,0.022389124391889344,0,6,8,13
0~3,0.95,0.08,0.03,44,13,26,0.29545454545454547,0.006456937626547246,3,2,8,13
0~3,0.95,0.08,0.04,44,17,21,0.38636363636363635,0.011837683902774272,3,3,8,13
0~3,0.95,0.08,0.05,44,20,17,0.45454545454545453,0.015608869986474472,2,5,8,13
0~3,0.95,0.08,0.06,44,26,12,0.5909090909090909,0.028298215300980253,0,6,8,13
0~3,0.95,0.09,0.03,44,11,29,0.25,0.003275119444729062,2,2,8,13
0~3,0.95,0.09,0.04,44,15,24,0.3409090909090909,0.008883138448228816,2,3,8,13
0~3,0.95,0.09,0.05,44,18,20,0.4090909090909091,0.012654324531929016,1,5,8,13
0~3,0.95,0.09,0.06,44,25,13,0.5681818181818182,0.030798215300980248,0,6,8,13
0~3,0.95,0.1,0.03,44,8,32,0.18181818181818182,-0.001153286645171994,0,4,8,13
0~3,0.95,0.1,0.04,44,11,27,0.25,0.00215134776211812,0,6,8,13
0~3,0.95,0.1,0.05,44,13,23,0.29545454545454547,0.003649806573091048,0,8,8,13
0~3,0.95,0.1,0.06,44,19,16,0.4318181818181818,0.02043006097850592,0,9,8,13
0~3,0.96,0.05,0.03,45,15,26,0.3333333333333333,-0.0006666666666666651,4,0,7,13
0~3,0.96,0.05,0.04,45,21,19,0.4666666666666667,0.006368435599778884,4,1,7,13
0~3,0.96,0.05,0.05,45,24,16,0.5333333333333333,0.008070176209646705,3,2,7,13
0~3,0.96,0.05,0.06,45,27,13,0.6,0.01063789199410069,2,3,7,13
0~3,0.96,0.06,0.03,45,12,30,0.26666666666666666,-0.004,3,0,7,13
0~3,0.96,0.06,0.04,45,17,23,0.37777777777777777,0.002289351684946177,3,2,7,13
0~3,0.96,0.06,0.05,45,20,19,0.4444444444444444,0.004879981183702886,3,3,7,13
0~3,0.96,0.06,0.06,45,23,16,0.5111111111111111,0.007447696968156872,2,4,7,13
0~3,0.96,0.07,0.03,45,11,31,0.24444444444444444,-0.003555555555555553,3,0,7,13
0~3,0.96,0.07,0.04,45,17,23,0.37777777777777777,0.006067129462723959,3,2,7,13
0~3,0.96,0.07,0.05,45,20,19,0.4444444444444444,0.009324425628147334,3,3,7,13
0~3,0.96,0.07,0.06,45,23,16,0.5111111111111111,0.012558808079267986,2,4,7,13
0~3,0.96,0.08,0.03,45,7,36,0.15555555555555556,-0.011555555555555553,2,0,7,13
0~3,0.96,0.08,0.04,45,14,27,0.3111111111111111,0.000956018351612845,2,2,7,13
0~3,0.96,0.08,0.05,45,16,24,0.35555555555555557,0.001102203405925109,2,3,7,13
0~3,0.96,0.08,0.06,45,19,21,0.4222222222222222,0.003892141412601318,1,4,7,13
0~3,0.96,0.09,0.03,45,5,40,0.1111111111111111,-0.016666666666666666,0,0,7,13
0~3,0.96,0.09,0.04,45,10,31,0.2222222222222222,-0.006078874577967347,0,4,7,13
0~3,0.96,0.09,0.05,45,13,26,0.28888888888888886,-0.0026359644338764467,0,6,7,13
0~3,0.96,0.09,0.06,45,15,23,0.3333333333333333,-0.0016238042049780154,0,7,7,13
0~3,0.96,0.1,0.03,45,3,41,0.06666666666666667,-0.01974074074074074,0,1,7,13
0~3,0.96,0.1,0.04,45,8,32,0.17777777777777778,-0.008264059763152531,0,5,7,13
0~3,0.96,0.1,0.05,45,11,27,0.24444444444444444,-0.004376705174617185,0,7,7,13
0~3,0.96,0.1,0.06,45,13,24,0.28888888888888886,-0.0031423227234965313,0,8,7,13
0~3,0.97,0.05,0.03,47,14,30,0.2978723404255319,-0.0042553191489361685,3,0,5,13
0~3,0.97,0.05,0.04,47,17,27,0.3617021276595745,-0.004893617021276595,3,0,5,13
0~3,0.97,0.05,0.05,47,22,20,0.46808510638297873,0.0017525771614317809,3,2,5,13
0~3,0.97,0.05,0.06,47,25,17,0.5319148936170213,0.0045185346082402935,3,2,5,13
0~3,0.97,0.06,0.03,47,13,31,0.2765957446808511,-0.0031914893617021275,3,0,5,13
0~3,0.97,0.06,0.04,47,16,28,0.3404255319148936,-0.0034042553191489374,3,0,5,13
0~3,0.97,0.06,0.05,47,22,20,0.46808510638297873,0.006433428225261566,3,2,5,13
0~3,0.97,0.06,0.06,47,25,17,0.5319148936170213,0.009837683544410504,3,2,5,13
0~3,0.97,0.07,0.03,47,9,37,0.19148936170212766,-0.010212765957446806,1,0,5,13
0~3,0.97,0.07,0.04,47,12,34,0.2553191489361702,-0.01106382978723404,1,0,5,13
0~3,0.97,0.07,0.05,47,18,25,0.3829787234042553,0.0005947502846217438,1,3,5,13
0~3,0.97,0.07,0.06,47,20,23,0.425531914893617,0.0008075162420685552,1,3,5,13
0~3,0.97,0.08,0.03,47,7,40,0.14893617021276595,-0.013617021276595743,0,0,5,13
0~3,0.97,0.08,0.04,47,9,38,0.19148936170212766,-0.01702127659574468,0,0,5,13
0~3,0.97,0.08,0.05,47,14,29,0.2978723404255319,-0.006499394204171731,0,4,5,13
0~3,0.97,0.08,0.06,47,17,25,0.3617021276595745,-0.003132021449654574,0,5,5,13
0~3,0.97,0.09,0.03,47,6,40,0.1276595744680851,-0.01262988221704824,0,1,5,13
0~3,0.97,0.09,0.04,47,6,39,0.1276595744680851,-0.019631417641483427,0,2,5,13
0~3,0.97,0.09,0.05,47,11,30,0.23404255319148937,-0.008258471420123243,0,6,5,13
0~3,0.97,0.09,0.06,47,14,26,0.2978723404255319,-0.0044655667507124686,0,7,5,13
0~3,0.97,0.1,0.03,47,6,40,0.1276595744680851,-0.011353286472367389,0,1,5,13
0~3,0.97,0.1,0.04,47,6,39,0.1276595744680851,-0.018354821896802574,0,2,5,13
0~3,0.97,0.1,0.05,47,10,31,0.2127659574468085,-0.009109535249910474,0,6,5,13
0~3,0.97,0.1,0.06,47,13,27,0.2765957446808511,-0.004891098665606083,0,7,5,13
3~7,0.94,0.05,0.03,73,17,46,0.2328767123287671,-0.007192506171071934,5,5,11,20
3~7,0.94,0.05,0.04,73,22,38,0.3013698630136986,-0.005895435933152736,4,9,11,20
3~7,0.94,0.05,0.05,73,30,30,0.410958904109589,-0.002302510280915665,0,13,11,20
3~7,0.94,0.05,0.06,73,33,25,0.4520547945205479,-0.00020678682548666574,0,15,11,20
3~7,0.94,0.06,0.03,73,14,49,0.1917808219178082,-0.008562369184770564,5,5,11,20
3~7,0.94,0.06,0.04,73,19,41,0.2602739726027397,-0.006991326344111641,4,9,11,20
3~7,0.94,0.06,0.05,73,27,32,0.3698630136986301,-0.002485777113042364,0,14,11,20
3~7,0.94,0.06,0.06,73,30,27,0.410958904109589,-0.0002530673562435013,0,16,11,20
3~7,0.94,0.07,0.03,73,13,52,0.1780821917808219,-0.008836341787510289,3,5,11,20
3~7,0.94,0.07,0.04,73,18,44,0.2465753424657534,-0.0069913263441116385,2,9,11,20
3~7,0.94,0.07,0.05,73,25,34,0.3424657534246575,-0.0020748182089327717,0,14,11,20
3~7,0.94,0.07,0.06,73,28,29,0.3835616438356164,0.0002948778492359542,0,16,11,20
3~7,0.94,0.08,0.03,73,11,54,0.1506849315068493,-0.010069218499839057,3,5,11,20
3~7,0.94,0.08,0.04,73,17,45,0.2328767123287671,-0.006169408535892462,2,9,11,20
3~7,0.94,0.08,0.05,73,24,35,0.3287671232876712,-0.00043098259249441735,0,14,11,20
3~7,0.94,0.08,0.06,73,27,30,0.3698630136986301,0.0022126860684140346,0,16,11,20
3~7,0.94,0.09,0.03,73,10,56,0.136986301369863,-0.010617163705318509,2,5,11,20
3~7,0.94,0.09,0.04,73,15,48,0.2054794520547945,-0.007950230453700682,1,9,11,20
3~7,0.94,0.09,0.05,73,22,37,0.3013698630136986,-0.000978927797973871,0,14,11,20
3~7,0.94,0.09,0.06,73,24,32,0.3287671232876712,0.0007676610626716875,0,17,11,20
3~7,0.94,0.1,0.03,73,10,56,0.136986301369863,-0.009247300691619878,2,5,11,20
3~7,0.94,0.1,0.04,73,14,48,0.1917808219178082,-0.0067332373450720885,1,10,11,20
3~7,0.94,0.1,0.05,73,21,37,0.2876712328767123,0.0011969694202437643,0,15,11,20
3~7,0.94,0.1,0.06,73,23,32,0.3150684931506849,0.0032175308836290494,0,18,11,20
3~7,0.95,0.05,0.03,74,26,40,0.35135135135135137,0.0015008471428183145,7,1,10,20
3~7,0.95,0.05,0.04,74,29,35,0.3918918918918919,3.0586437283693544e-05,5,5,10,20
3~7,0.95,0.05,0.05,74,33,28,0.44594594594594594,0.0019595332328173403,4,9,10,20
3~7,0.95,0.05,0.06,74,40,21,0.5405405405405406,0.00606585651238677,0,13,10,20
3~7,0.95,0.06,0.03,74,22,46,0.2972972972972973,-0.0006613150193438493,5,1,10,20
3~7,0.95,0.06,0.04,74,25,41,0.33783783783783783,-0.002536981130283876,3,5,10,20
3~7,0.95,0.06,0.05,74,31,32,0.4189189189189189,0.0020946683679524732,2,9,10,20
3~7,0.95,0.06,0.06,74,37,24,0.5,0.0066063970529273075,0,13,10,20
3~7,0.95,0.07,0.03,74,18,52,0.24324324324324326,-0.0039045582625870903,3,1,10,20
3~7,0.95,0.07,0.04,74,21,45,0.28378378378378377,-0.005104548697851441,3,5,10,20
3~7,0.95,0.07,0.05,74,27,36,0.36486486486486486,-0.00020262892934482082,2,9,10,20
3~7,0.95,0.07,0.06,74,33,28,0.44594594594594594,0.004579370025900285,0,13,10,20
3~7,0.95,0.08,0.03,74,15,56,0.20270270270270271,-0.006336990695019524,2,1,10,20
3~7,0.95,0.08,0.04,74,18,49,0.24324324324324326,-0.00767211626541901,2,5,10,20
3~7,0.95,0.08,0.05,74,24,40,0.32432432432432434,-0.00249992622664212,1,9,10,20
3~7,0.95,0.08,0.06,74,30,31,0.40540540540540543,0.0033631538096840666,0,13,10,20
3~7,0.95,0.09,0.03,74,14,57,0.1891891891891892,-0.005931585289614119,2,1,10,20
3~7,0.95,0.09,0.04,74,17,50,0.22972972972972974,-0.006996440589743335,2,5,10,20
3~7,0.95,0.09,0.05,74,22,41,0.2972972972972973,-0.0019876919860433453,1,10,10,20
3~7,0.95,0.09,0.06,74,29,31,0.3918918918918919,0.006578090752985543,0,14,10,20
3~7,0.95,0.1,0.03,74,13,59,0.17567567567567569,-0.005844027970935518,0,2,10,20
3~7,0.95,0.1,0.04,74,16,52,0.21621621621621623,-0.006773748135929598,0,6,10,20
3~7,0.95,0.1,0.05,74,20,43,0.2702702702702703,-0.002710945478175554,0,11,10,20
3~7,0.95,0.1,0.06,74,26,33,0.35135135135135137,0.0051791615851776605,0,15,10,20
3~7,0.96,0.05,0.03,76,28,43,0.3684210526315789,0.0014473684210526332,5,0,8,20
3~7,0.96,0.05,0.04,76,32,38,0.42105263157894735,0.0010596155995083257,5,1,8,20
3~7,0.96,0.05,0.05,76,34,34,0.4473684210526316,-0.0013068773774528003,3,5,8,20
3~7,0.96,0.05,0.06,76,40,28,0.5263157894736842,0.002459789979373573,2,6,8,20
3~7,0.96,0.06,0.03,76,26,48,0.34210526315789475,0.0015789473684210526,2,0,8,20
3~7,0.96,0.06,0.04,76,29,44,0.3815789473684211,-0.0002561738741758869,2,1,8,20
3~7,0.96,0.06,0.05,76,31,38,0.40789473684210525,-0.0018331931669264866,2,5,8,20
3~7,0.96,0.06,0.06,76,37,32,0.4868421052631579,0.0021966320846367286,1,6,8,20
3~7,0.96,0.07,0.03,76,19,54,0.25,-0.0037697084845734995,2,1,8,20
3~7,0.96,0.07,0.04,76,24,48,0.3157894736842105,-0.0031048297271704384,2,2,8,20
3~7,0.96,0.07,0.05,76,26,42,0.34210526315789475,-0.004945006914657881,2,6,8,20
3~7,0.96,0.07,0.06,76,32,36,0.42105263157894735,-0.0006520237683578218,1,7,8,20
3~7,0.96,0.08,0.03,76,16,57,0.21052631578947367,-0.005611813747731395,2,1,8,20
3~7,0.96,0.08,0.04,76,21,51,0.27631578947368424,-0.004683777095591492,2,2,8,20
3~7,0.96,0.08,0.05,76,23,45,0.3026315789473684,-0.006655533230447356,2,6,8,20
3~7,0.96,0.08,0.06,76,28,38,0.3684210526315789,-0.0023797972598399732,1,9,8,20
3~7,0.96,0.09,0.03,76,15,60,0.19736842105263158,-0.005874971642468238,0,1,8,20
3~7,0.96,0.09,0.04,76,19,54,0.25,-0.005660267233980946,0,3,8,20
3~7,0.96,0.09,0.05,76,22,47,0.2894736842105263,-0.005921497053047336,0,7,8,20
3~7,0.96,0.09,0.06,76,26,40,0.34210526315789475,-0.0024352347666504797,0,10,8,20
3~7,0.96,0.1,0.03,76,14,61,0.18421052631578946,-0.005611813747731394,0,1,8,20
3~7,0.96,0.1,0.04,76,18,55,0.23684210526315788,-0.0050023724971388385,0,3,8,20
3~7,0.96,0.1,0.05,76,21,48,0.27631578947368424,-0.005000444421468386,0,7,8,20
3~7,0.96,0.1,0.06,76,24,42,0.3157894736842105,-0.0032247084508610032,0,10,8,20
3~7,0.97,0.05,0.03,76,30,40,0.39473684210526316,0.0039473684210526334,6,0,8,20
3~7,0.97,0.05,0.04,76,35,39,0.4605263157894737,0.002500000000000001,2,0,8,20
3~7,0.97,0.05,0.05,76,39,35,0.5131578947368421,0.002631578947368421,2,0,8,20
3~7,0.97,0.05,0.06,76,42,29,0.5526315789473685,0.0032258125791879487,2,3,8,20
3~7,0.97,0.06,0.03,76,26,45,0.34210526315789475,0.0026731154227552525,4,1,8,20
3~7,0.97,0.06,0.04,76,29,44,0.3815789473684211,-0.0003532003667184332,2,1,8,20
3~7,0.97,0.06,0.05,76,34,39,0.4473684210526316,0.0010941680543341973,2,1,8,20
3~7,0.97,0.06,0.06,76,37,33,0.4868421052631579,0.0015568227387853038,2,4,8,20
3~7,0.97,0.07,0.03,76,22,50,0.2894736842105263,0.0004362733174920971,3,1,8,20
3~7,0.97,0.07,0.04,76,25,48,0.32894736842105265,-0.002326884577244746,2,1,8,20
3~7,0.97,0.07,0.05,76,30,43,0.39473684210526316,-0.000747937208823694,2,1,8,20
3~7,0.97,0.07,0.06,76,33,37,0.4342105263157895,-0.0004168614717410077,2,4,8,20
3~7,0.97,0.08,0.03,76,20,54,0.2631578947368421,-0.00035320036671843065,1,1,8,20
3~7,0.97,0.08,0.04,76,23,52,0.3026315789473684,-0.003247937208823695,0,1,8,20
3~7,0.97,0.08,0.05,76,27,47,0.35526315789473684,-0.002520111930702349,0,2,8,20
3~7,0.97,0.08,0.06,76,30,41,0.39473684210526316,-0.002320615140988084,0,5,8,20
3~7,0.97,0.09,0.03,76,18,57,0.23684210526315788,-0.0012742529982973792,0,1,8,20
3~7,0.97,0.09,0.04,76,20,55,0.2631578947368421,-0.005353200366718433,0,1,8,20
3~7,0.97,0.09,0.05,76,24,50,0.3157894736842105,-0.004493796141228666,0,2,8,20
3~7,0.97,0.09,0.06,76,27,44,0.35526315789473684,-0.0042942993515144015,0,5,8,20
3~7,0.97,0.1,0.03,76,13,62,0.17105263157894737,-0.007458463524613167,0,1,8,20
3~7,0.97,0.1,0.04,76,15,60,0.19736842105263158,-0.011932147735139485,0,1,8,20
3~7,0.97,0.1,0.05,76,18,55,0.23684210526315788,-0.012800472096839917,0,3,8,20
3~7,0.97,0.1,0.06,76,21,49,0.27631578947368424,-0.012864133201862494,0,6,8,20
7~10,0.94,0.05,0.03,76,30,35,0.39473684210526316,0.005947756884789648,6,5,12,28
7~10,0.94,0.05,0.04,76,32,30,0.42105263157894735,0.004526612001336735,4,10,12,28
7~10,0.94,0.05,0.05,76,38,23,0.5,0.0075376156412584674,0,15,12,28
7~10,0.94,0.05,0.06,76,39,21,0.5131578947368421,0.006247655997065692,0,16,12,28
7~10,0.94,0.06,0.03,76,27,38,0.35526315789473684,0.006342493726894909,6,5,12,28
7~10,0.94,0.06,0.04,76,29,33,0.3815789473684211,0.004789769896073575,4,10,12,28
7~10,0.94,0.06,0.05,76,35,26,0.4605263157894737,0.008195510378100571,0,15,12,28
7~10,0.94,0.06,0.06,76,36,22,0.47368421052631576,0.007384344167348086,0,18,12,28
7~10,0.94,0.07,0.03,76,26,42,0.34210526315789475,0.007395125305842281,3,5,12,28
7~10,0.94,0.07,0.04,76,27,36,0.35526315789473684,0.00518450673817884,3,10,12,28
7~10,0.94,0.07,0.05,76,33,28,0.4342105263157895,0.009642878799153204,0,15,12,28
7~10,0.94,0.07,0.06,76,34,24,0.4473684210526316,0.0087001336410323,0,18,12,28
7~10,0.94,0.08,0.03,76,21,46,0.27631578947368424,0.004249729145043746,3,6,12,28
7~10,0.94,0.08,0.04,76,22,40,0.2894736842105263,0.0016443737352750437,3,11,12,28
7~10,0.94,0.08,0.05,76,28,32,0.3684210526315789,0.00636590369098625,0,16,12,28
7~10,0.94,0.08,0.06,76,29,28,0.3815789473684211,0.005028421690760082,0,19,12,28
7~10,0.94,0.09,0.03,76,20,48,0.2631578947368421,0.005039202829254272,2,6,12,28
7~10,0.94,0.09,0.04,76,21,42,0.27631578947368424,0.0023022684721171476,2,11,12,28
7~10,0.94,0.09,0.05,76,26,34,0.34210526315789475,0.006365903690986248,0,16,12,28
7~10,0.94,0.09,0.06,76,27,30,0.35526315789473684,0.004896842743391659,0,19,12,28
7~10,0.94,0.1,0.03,76,19,49,0.25,0.005960255460833222,2,6,12,28
7~10,0.94,0.1,0.04,76,20,43,0.2631578947368421,0.003223321103696097,2,11,12,28
7~10,0.94,0.1,0.05,76,25,35,0.32894736842105265,0.007813272112038883,0,16,12,28
7~10,0.94,0.1,0.06,76,26,31,0.34210526315789475,0.006344211164444293,0,19,12,28
7~10,0.95,0.05,0.03,76,33,37,0.4342105263157895,0.007105263157894739,6,0,12,28
7~10,0.95,0.05,0.04,76,36,32,0.47368421052631576,0.00652667880142731,6,2,12,28
7~10,0.95,0.05,0.05,76,38,28,0.5,0.004973727531317247,4,6,12,28
7~10,0.95,0.05,0.06,76,44,21,0.5789473684210527,0.008493202601068056,0,11,12,28
7~10,0.95,0.06,0.03,76,31,42,0.40789473684210525,0.007894736842105263,3,0,12,28
7~10,0.95,0.06,0.04,76,35,36,0.4605263157894737,0.008368784064585202,3,2,12,28
7~10,0.95,0.06,0.05,76,36,31,0.47368421052631576,0.006421095952369876,3,6,12,28
7~10,0.95,0.06,0.06,76,42,23,0.5526315789473685,0.011124781548436477,0,11,12,28
7~10,0.95,0.07,0.03,76,22,50,0.2894736842105263,0.0006605664580686009,3,1,12,28
7~10,0.95,0.07,0.04,76,27,43,0.35526315789473684,0.0020556663121274873,3,3,12,28
7~10,0.95,0.07,0.05,76,28,38,0.3684210526315789,-0.0006814954842983651,3,7,12,28
7~10,0.95,0.07,0.06,76,34,30,0.4473684210526316,0.0038906111643998154,0,12,12,28
7~10,0.95,0.08,0.03,76,22,51,0.2894736842105263,0.003160566458068599,2,1,12,28
7~10,0.95,0.08,0.04,76,27,44,0.35526315789473684,0.00508198210160117,2,3,12,28
7~10,0.95,0.08,0.05,76,28,39,0.3684210526315789,0.0023448203051753174,2,7,12,28
7~10,0.95,0.08,0.06,76,33,31,0.4342105263157895,0.006522190111768234,0,12,12,28
7~10,0.95,0.09,0.03,76,18,55,0.23684210526315788,-0.00026048617351034925,2,1,12,28
7~10,0.95,0.09,0.04,76,24,47,0.3157894736842105,0.003503034733180116,2,3,12,28
7~10,0.95,0.09,0.05,76,25,42,0.32894736842105265,0.0005027150420174207,2,7,12,28
7~10,0.95,0.09,0.06,76,30,34,0.39473684210526316,0.004943242743347179,0,12,12,28
7~10,0.95,0.1,0.03,76,15,60,0.19736842105263158,-0.0038131177524577155,0,1,12,28
7~10,0.95,0.1,0.04,76,22,51,0.2894736842105263,0.0019240873647590655,0,3,12,28
7~10,0.95,0.1,0.05,76,23,45,0.3026315789473684,-0.0009710177664580589,0,8,12,28
7~10,0.95,0.1,0.06,76,26,37,0.34210526315789475,0.0011010888822401217,0,13,12,28
7~10,0.96,0.05,0.03,76,29,42,0.3815789473684211,0.0025000000000000014,5,0,12,28
7~10,0.96,0.05,0.04,76,40,34,0.5263157894736842,0.008421052631578949,2,0,12,28
7~10,0.96,0.05,0.05,76,42,32,0.5526315789473685,0.006578947368421052,2,0,12,28
7~10,0.96,0.05,0.06,76,43,27,0.5657894736842105,0.00514908056877815,2,4,12,28
7~10,0.96,0.06,0.03,76,23,49,0.3026315789473684,-0.0011842105263157893,4,0,12,28
7~10,0.96,0.06,0.04,76,32,41,0.42105263157894735,0.003680001346937401,2,1,12,28
7~10,0.96,0.06,0.05,76,35,38,0.4605263157894737,0.0026273697679900314,2,1,12,28
7~10,0.96,0.06,0.06,76,36,33,0.47368421052631576,0.000539608231505024,2,5,12,28
7~10,0.96,0.07,0.03,76,21,51,0.27631578947368424,-0.0007894736842105237,4,0,12,28
7~10,0.96,0.07,0.04,76,30,43,0.39473684210526316,0.004995790820621615,2,1,12,28
7~10,0.96,0.07,0.05,76,35,38,0.4605263157894737,0.007232632925884773,2,1,12,28
7~10,0.96,0.07,0.06,76,36,33,0.47368421052631576,0.0052764503367681865,2,5,12,28
7~10,0.96,0.08,0.03,76,19,53,0.25,-0.0009210526315789462,4,0,12,28
7~10,0.96,0.08,0.04,76,28,45,0.3684210526315789,0.00578526450483214,2,1,12,28
7~10,0.96,0.08,0.05,76,33,40,0.4342105263157895,0.008416843452200558,2,1,12,28
7~10,0.96,0.08,0.06,76,34,35,0.4473684210526316,0.006329081915715552,2,5,12,28
7~10,0.96,0.09,0.03,76,17,59,0.2236842105263158,-0.003157894736842105,0,0,12,28
7~10,0.96,0.09,0.04,76,25,50,0.32894736842105265,0.003285264504832138,0,1,12,28
7~10,0.96,0.09,0.05,76,31,44,0.40789473684210525,0.007758948715358452,0,1,12,28
7~10,0.96,0.09,0.06,76,32,38,0.42105263157894735,0.005772564525749407,0,6,12,28
7~10,0.96,0.1,0.03,76,16,60,0.21052631578947367,-0.002631578947368419,0,0,12,28
7~10,0.96,0.1,0.04,76,24,50,0.3157894736842105,0.005011957517226609,0,2,12,28
7~10,0.96,0.1,0.05,76,30,44,0.39473684210526316,0.01027511541196345,0,2,12,28
7~10,0.96,0.1,0.06,76,31,38,0.40789473684210525,0.008420310169722826,0,7,12,28
7~10,0.97,0.05,0.03,77,28,44,0.36363636363636365,0.0010389610389610407,5,0,11,28
7~10,0.97,0.05,0.04,77,31,42,0.4025974025974026,-0.0016883116883116877,4,0,11,28
7~10,0.97,0.05,0.05,77,40,34,0.5194805194805194,0.0037581054796164528,2,1,11,28
7~10,0.97,0.05,0.06,77,44,30,0.5714285714285714,0.005056806778317754,2,1,11,28
7~10,0.97,0.06,0.03,77,27,46,0.35064935064935066,0.003116883116883117,4,0,11,28
7~10,0.97,0.06,0.04,77,30,43,0.38961038961038963,0.0010389610389610377,4,0,11,28
7~10,0.97,0.06,0.05,77,39,35,0.5064935064935064,0.007524339245850217,2,1,11,28
7~10,0.97,0.06,0.06,77,44,30,0.5714285714285714,0.010771092492603464,2,1,11,28
7~10,0.97,0.07,0.03,77,25,48,0.3246753246753247,0.004025974025974029,4,0,11,28
7~10,0.97,0.07,0.04,77,27,46,0.35064935064935066,0.0006493506493506512,4,0,11,28
7~10,0.97,0.07,0.05,77,36,38,0.4675324675324675,0.00791394963546061,2,1,11,28
7~10,0.97,0.07,0.06,77,41,33,0.5324675324675324,0.01142044314195412,2,1,11,28
7~10,0.97,0.08,0.03,77,21,56,0.2727272727272727,1.261617073437678e-18,0,0,11,28
7~10,0.97,0.08,0.04,77,23,54,0.2987012987012987,-0.004155844155844156,0,0,11,28
7~10,0.97,0.08,0.05,77,31,45,0.4025974025974026,0.002849014570525542,0,1,11,28
7~10,0.97,0.08,0.06,77,37,39,0.4805194805194805,0.00791394963546061,0,1,11,28
7~10,0.97,0.09,0.03,77,19,58,0.24675324675324675,-0.0003896103896103896,0,0,11,28
7~10,0.97,0.09,0.04,77,21,56,0.2727272727272727,-0.004545454545454547,0,0,11,28
7~10,0.97,0.09,0.05,77,29,46,0.37662337662337664,0.003512818589595033,0,2,11,28
7~10,0.97,0.09,0.06,77,35,40,0.45454545454545453,0.00922710430388075,0,2,11,28
7~10,0.97,0.1,0.03,77,18,59,0.23376623376623376,0.0003896103896103918,0,0,11,28
7~10,0.97,0.1,0.04,77,20,57,0.2597402597402597,-0.003636363636363635,0,0,11,28
7~10,0.97,0.1,0.05,77,27,47,0.35064935064935066,0.004586972712350042,0,3,11,28
7~10,0.97,0.1,0.06,77,32,42,0.4155844155844156,0.00887268699806433,0,3,11,28
10~15,0.94,0.05,0.03,60,33,20,0.55,0.01743640148011101,6,1,3,15
10~15,0.94,0.05,0.04,60,36,16,0.6,0.019092337591278898,5,3,3,15
10~15,0.94,0.05,0.05,60,43,12,0.7166666666666667,0.025134020984829013,1,4,3,15
10~15,0.94,0.05,0.06,60,45,9,0.75,0.02586975040008147,1,5,3,15
10~15,0.94,0.06,0.03,60,32,22,0.5333333333333333,0.020936401480111007,5,1,3,15
10~15,0.94,0.06,0.04,60,34,18,0.5666666666666667,0.021584513657923046,4,4,3,15
10~15,0.94,0.06,0.05,60,40,13,0.6666666666666666,0.02846421885165403,1,6,3,15
10~15,0.94,0.06,0.06,60,42,10,0.7,0.029366614933573155,1,7,3,15
10~15,0.94,0.07,0.03,60,28,29,0.4666666666666667,0.01810306814677768,2,1,3,15
10~15,0.94,0.07,0.04,60,29,24,0.48333333333333334,0.017417846991256383,3,4,3,15
10~15,0.94,0.07,0.05,60,35,17,0.5833333333333334,0.025266150249129395,1,7,3,15
10~15,0.94,0.07,0.06,60,36,15,0.6,0.023668546331048517,1,8,3,15
10~15,0.94,0.08,0.03,60,22,36,0.36666666666666664,0.011269734813444343,1,1,3,15
10~15,0.94,0.08,0.04,60,24,30,0.4,0.011310192769390999,1,5,3,15
10~15,0.94,0.08,0.05,60,31,19,0.5166666666666667,0.023672801803550327,0,10,3,15
10~15,0.94,0.08,0.06,60,32,17,0.5333333333333333,0.02190853121880278,0,11,3,15
10~15,0.94,0.09,0.03,60,15,42,0.25,0.0022181551873966315,1,2,3,15
10~15,0.94,0.09,0.04,60,19,34,0.31666666666666665,0.0059252798100099535,1,6,3,15
10~15,0.94,0.09,0.05,60,26,23,0.43333333333333335,0.01878788884416928,0,11,3,15
10~15,0.94,0.09,0.06,60,27,21,0.45,0.016523618259421734,0,12,3,15
10~15,0.94,0.1,0.03,60,14,43,0.23333333333333334,0.0025514885207299667,1,2,3,15
10~15,0.94,0.1,0.04,60,18,35,0.3,0.00675861314334329,1,6,3,15
10~15,0.94,0.1,0.05,60,25,24,0.4166666666666667,0.02062122217750262,0,11,3,15
10~15,0.94,0.1,0.06,60,26,22,0.43333333333333335,0.018356951592755074,0,12,3,15
10~15,0.95,0.05,0.03,60,30,23,0.5,0.013500000000000002,7,0,3,15
10~15,0.95,0.05,0.04,60,36,18,0.6,0.017761632341723878,5,1,3,15
10~15,0.95,0.05,0.05,60,38,15,0.6333333333333333,0.018401891932423326,4,3,3,15
10~15,0.95,0.05,0.06,60,43,10,0.7166666666666667,0.02356758147179241,1,6,3,15
10~15,0.95,0.06,0.03,60,26,31,0.43333333333333335,0.0105,3,0,3,15
10~15,0.95,0.06,0.04,60,31,26,0.5166666666666667,0.01342829900839054,2,1,3,15
10~15,0.95,0.06,0.05,60,32,22,0.5333333333333333,0.012901891932423325,3,3,3,15
10~15,0.95,0.06,0.06,60,38,15,0.6333333333333333,0.020734248138459078,1,6,3,15
10~15,0.95,0.07,0.03,60,19,39,0.31666666666666665,0.0026666666666666696,2,0,3,15
10~15,0.95,0.07,0.04,60,24,34,0.4,0.0050949656750572106,1,1,3,15
10~15,0.95,0.07,0.05,60,26,29,0.43333333333333335,0.004955020035700388,1,4,3,15
10~15,0.95,0.07,0.06,60,33,18,0.55,0.017285741957219446,0,9,3,15
10~15,0.95,0.08,0.03,60,13,45,0.21666666666666667,-0.004568580542264751,1,1,3,15
10~15,0.95,0.08,0.04,60,17,40,0.2833333333333333,-0.0036402815338742113,1,2,3,15
10~15,0.95,0.08,0.05,60,21,33,0.35,-0.00011356050656436709,1,5,3,15
10~15,0.95,0.08,0.06,60,28,22,0.4666666666666667,0.012717161414954692,0,10,3,15
10~15,0.95,0.09,0.03,60,11,47,0.18333333333333332,-0.006401913875598086,1,1,3,15
10~15,0.95,0.09,0.04,60,15,42,0.25,-0.005140281533874213,1,2,3,15
10~15,0.95,0.09,0.05,60,19,34,0.31666666666666665,-0.0007949862932533134,1,6,3,15
10~15,0.95,0.09,0.06,60,26,23,0.43333333333333335,0.013035735628265745,0,11,3,15
10~15,0.95,0.1,0.03,60,9,49,0.15,-0.008901913875598085,1,1,3,15
10~15,0.95,0.1,0.04,60,14,43,0.23333333333333334,-0.004973614867207544,1,2,3,15
10~15,0.95,0.1,0.05,60,19,34,0.31666666666666665,0.0023716803734133564,1,6,3,15
10~15,0.95,0.1,0.06,60,26,23,0.43333333333333335,0.01736906896159908,0,11,3,15
10~15,0.96,0.05,0.03,61,23,32,0.3770491803278688,0.0031147540983606577,6,0,2,15
10~15,0.96,0.05,0.04,61,32,26,0.5245901639344263,0.00918032786885246,3,0,2,15
10~15,0.96,0.05,0.05,61,37,21,0.6065573770491803,0.012711971370871943,2,1,2,15
10~15,0.96,0.05,0.06,61,38,17,0.6229508196721312,0.013169532789414788,3,3,2,15
10~15,0.96,0.06,0.03,61,16,41,0.26229508196721313,-0.004426229508196722,4,0,2,15
10~15,0.96,0.06,0.04,61,23,36,0.3770491803278688,-0.0009836065573770505,2,0,2,15
10~15,0.96,0.06,0.05,61,28,31,0.45901639344262296,0.0017283648134948908,1,1,2,15
10~15,0.96,0.06,0.06,61,30,26,0.4918032786885246,0.0020719969609788633,1,4,2,15
10~15,0.96,0.07,0.03,61,12,47,0.19672131147540983,-0.0089328738201689,1,1,2,15
10~15,0.96,0.07,0.04,61,16,43,0.26229508196721313,-0.009424677098857425,1,1,2,15
10~15,0.96,0.07,0.05,61,20,38,0.32786885245901637,-0.008188115564051057,1,2,2,15
10~15,0.96,0.07,0.06,61,24,30,0.39344262295081966,-0.003927838434348331,1,6,2,15
10~15,0.96,0.08,0.03,61,10,49,0.16393442622950818,-0.010572218082463981,1,1,2,15
10~15,0.96,0.08,0.04,61,14,45,0.22950819672131148,-0.010736152508693492,1,1,2,15
10~15,0.96,0.08,0.05,61,18,40,0.29508196721311475,-0.009171722121428109,1,2,2,15
10~15,0.96,0.08,0.06,61,22,32,0.36065573770491804,-0.0045835761392663665,1,6,2,15
10~15,0.96,0.09,0.03,61,8,51,0.13114754098360656,-0.0128673000496771,1,1,2,15
10~15,0.96,0.09,0.04,61,12,47,0.19672131147540983,-0.012703365623447592,1,1,2,15
10~15,0.96,0.09,0.05,61,17,41,0.2786885245901639,-0.008515984416510077,1,2,2,15
10~15,0.96,0.09,0.06,61,21,32,0.3442622950819672,-0.001611739233003232,1,7,2,15
10~15,0.96,0.1,0.03,61,5,54,0.08196721311475409,-0.01794926726279185,1,1,2,15
10~15,0.96,0.1,0.04,61,8,51,0.13114754098360656,-0.01991648037754595,1,1,2,15
10~15,0.96,0.1,0.05,61,13,45,0.21311475409836064,-0.015565164744378928,1,2,2,15
10~15,0.96,0.1,0.06,61,16,37,0.26229508196721313,-0.011283870380544212,1,7,2,15
10~15,0.97,0.05,0.03,61,20,38,0.32786885245901637,-0.002295081967213113,3,0,2,15
10~15,0.97,0.05,0.04,61,24,35,0.39344262295081966,-0.003278688524590163,2,0,2,15
10~15,0.97,0.05,0.05,61,28,32,0.45901639344262296,-0.003278688524590164,1,0,2,15
10~15,0.97,0.05,0.06,61,32,27,0.5245901639344263,-0.0008955037438184715,1,1,2,15
10~15,0.97,0.06,0.03,61,17,43,0.2786885245901639,-0.004426229508196722,1,0,2,15
10~15,0.97,0.06,0.04,61,20,39,0.32786885245901637,-0.005663496550770509,1,1,2,15
10~15,0.97,0.06,0.05,61,23,36,0.3770491803278688,-0.006647103108147558,1,1,2,15
10~15,0.97,0.06,0.06,61,27,31,0.4426229508196721,-0.004263918327375866,1,2,2,15
10~15,0.97,0.07,0.03,61,14,46,0.22950819672131148,-0.006557377049180325,1,0,2,15
10~15,0.97,0.07,0.04,61,16,43,0.26229508196721313,-0.009597922780278703,1,1,2,15
10~15,0.97,0.07,0.05,61,19,40,0.3114754098360656,-0.01074546376388526,1,1,2,15
10~15,0.97,0.07,0.06,61,24,34,0.39344262295081966,-0.006231131442129961,1,2,2,15
10~15,0.97,0.08,0.03,61,12,48,0.19672131147540983,-0.007868852459016392,1,0,2,15
10~15,0.97,0.08,0.04,61,14,45,0.22950819672131148,-0.010909398190114768,1,1,2,15
10~15,0.97,0.08,0.05,61,17,42,0.2786885245901639,-0.01189300474749182,1,1,2,15
10~15,0.97,0.08,0.06,61,22,36,0.36065573770491804,-0.006886869147047996,1,2,2,15
10~15,0.97,0.09,0.03,61,8,52,0.13114754098360656,-0.013770491803278688,1,0,2,15
10~15,0.97,0.09,0.04,61,9,50,0.14754098360655737,-0.019270053927819688,1,1,2,15
10~15,0.97,0.09,0.05,61,12,47,0.19672131147540983,-0.020581529337655755,1,1,2,15
10~15,0.97,0.09,0.06,61,17,41,0.2786885245901639,-0.01557539373721193,1,2,2,15
10~15,0.97,0.1,0.03,61,7,53,0.11475409836065574,-0.014590163934426227,1,0,2,15
10~15,0.97,0.1,0.04,61,8,51,0.13114754098360656,-0.020089726058967226,1,1,2,15
10~15,0.97,0.1,0.05,61,11,48,0.18032786885245902,-0.021073332616344278,1,1,2,15
10~15,0.97,0.1,0.06,61,14,44,0.22950819672131148,-0.02065736095032668,1,2,2,15
15~20,0.94,0.05,0.03,38,15,15,0.39473684210526316,0.007721182056353855,7,1,3,14
15~20,0.94,0.05,0.04,38,18,11,0.47368421052631576,0.01143499286974313,5,4,3,14
15~20,0.94,0.05,0.05,38,24,10,0.631578947368421,0.01775078234342734,0,4,3,14
15~20,0.94,0.05,0.06,38,24,9,0.631578947368421,0.01574062280953247,0,5,3,14
15~20,0.94,0.06,0.03,38,15,15,0.39473684210526316,0.011668550477406484,7,1,3,14
15~20,0.94,0.06,0.04,38,17,11,0.4473684210526316,0.01411000190533447,5,5,3,14
15~20,0.94,0.06,0.05,38,23,10,0.6052631578947368,0.02200473874743973,0,5,3,14
15~20,0.94,0.06,0.06,38,23,9,0.6052631578947368,0.019994579213544868,0,6,3,14
15~20,0.94,0.07,0.03,38,13,19,0.34210526315789475,0.008773813635301225,5,1,3,14
15~20,0.94,0.07,0.04,38,15,15,0.39473684210526316,0.010688949273755525,3,5,3,14
15~20,0.94,0.07,0.05,38,21,12,0.5526315789473685,0.021741580852702894,0,5,3,14
15~20,0.94,0.07,0.06,38,21,11,0.5526315789473685,0.019205105529334344,0,6,3,14
15~20,0.94,0.08,0.03,38,11,23,0.2894736842105263,0.004826445214248591,3,1,3,14
15~20,0.94,0.08,0.04,38,12,19,0.3157894736842105,0.00411000190533447,2,5,3,14
15~20,0.94,0.08,0.05,38,18,15,0.47368421052631576,0.01700473874743973,0,5,3,14
15~20,0.94,0.08,0.06,38,18,14,0.47368421052631576,0.013678789739860656,0,6,3,14
15~20,0.94,0.09,0.03,38,11,24,0.2894736842105263,0.0069317083721433265,2,1,3,14
15~20,0.94,0.09,0.04,38,12,20,0.3157894736842105,0.006215265063229205,1,5,3,14
15~20,0.94,0.09,0.05,38,17,16,0.4473684210526316,0.018057370326387098,0,5,3,14
15~20,0.94,0.09,0.06,38,17,15,0.4473684210526316,0.014468263424071181,0,6,3,14
15~20,0.94,0.1,0.03,38,9,26,0.23684210526315788,0.0029843399510906966,2,1,3,14
15~20,0.94,0.1,0.04,38,10,22,0.2631578947368421,0.002004738747439734,1,5,3,14
15~20,0.94,0.1,0.05,38,14,19,0.3684210526315789,0.010688949273755523,0,5,3,14
15~20,0.94,0.1,0.06,38,14,18,0.3684210526315789,0.006310368687229079,0,6,3,14
15~20,0.95,0.05,0.03,38,17,11,0.4473684210526316,0.013235474322796661,9,1,3,14
15~20,0.95,0.05,0.04,38,22,10,0.5789473684210527,0.017972316428059822,5,1,3,14
15~20,0.95,0.05,0.05,38,23,8,0.6052631578947368,0.017488130039819038,4,3,3,14
15~20,0.95,0.05,0.06,38,27,8,0.7105263157894737,0.020646024776661144,0,3,3,14
15~20,0.95,0.06,0.03,38,13,17,0.34210526315789475,0.006656526954375609,7,1,3,14
15~20,0.95,0.06,0.04,38,18,15,0.47368421052631576,0.012182842743849292,4,1,3,14
15~20,0.95,0.06,0.05,38,19,12,0.5,0.011918005150184268,3,4,3,14
15~20,0.95,0.06,0.06,38,23,11,0.6052631578947368,0.016654847255447428,0,4,3,14
15~20,0.95,0.07,0.03,38,12,19,0.3157894736842105,0.006656526954375613,6,1,3,14
15~20,0.95,0.07,0.04,38,17,17,0.4473684210526316,0.012972316428059823,3,1,3,14
15~20,0.95,0.07,0.05,38,18,14,0.47368421052631576,0.012444320939657957,2,4,3,14
15~20,0.95,0.07,0.06,38,22,12,0.5789473684210527,0.019286426202815853,0,4,3,14
15~20,0.95,0.08,0.03,38,10,22,0.2631578947368421,0.003235474322796663,5,1,3,14
15~20,0.95,0.08,0.04,38,15,20,0.39473684210526316,0.010077579585954557,2,1,3,14
15~20,0.95,0.08,0.05,38,16,17,0.42105263157894735,0.009023268308079006,1,4,3,14
15~20,0.95,0.08,0.06,38,19,15,0.5,0.014023268308079007,0,4,3,14
15~20,0.95,0.09,0.03,38,9,25,0.23684210526315788,0.0011302111649019251,3,1,3,14
15~20,0.95,0.09,0.04,38,13,22,0.34210526315789475,0.007182842743849291,2,1,3,14
15~20,0.95,0.09,0.05,38,14,19,0.3684210526315789,0.0058653735712369,1,4,3,14
15~20,0.95,0.09,0.06,38,16,18,0.42105263157894735,0.007181163044921113,0,4,3,14
15~20,0.95,0.1,0.03,38,7,29,0.18421052631578946,-0.004922420414045441,1,1,3,14
15~20,0.95,0.1,0.04,38,11,25,0.2894736842105263,0.002182842743849295,1,1,3,14
15~20,0.95,0.1,0.05,38,12,21,0.3157894736842105,0.0016548472554474287,1,4,3,14
15~20,0.95,0.1,0.06,38,14,20,0.3684210526315789,0.0029706367291316422,0,4,3,14
15~20,0.96,0.05,0.03,38,10,19,0.2631578947368421,-0.0018421052631578934,9,0,3,14
15~20,0.96,0.05,0.04,38,14,16,0.3684210526315789,0.000860762693337707,7,1,3,14
15~20,0.96,0.05,0.05,38,18,15,0.47368421052631576,0.0032291837459692855,4,1,3,14
15~20,0.96,0.05,0.06,38,19,12,0.5,0.0026874996140803815,3,4,3,14
15~20,0.96,0.06,0.03,38,10,20,0.2631578947368421,0.0,8,0,3,14
15~20,0.96,0.06,0.04,38,14,17,0.3684210526315789,0.003492341640706126,6,1,3,14
15~20,0.96,0.06,0.05,38,18,16,0.47368421052631576,0.00665023637754823,3,1,3,14
15~20,0.96,0.06,0.06,38,19,13,0.5,0.006108552245659327,2,4,3,14
15~20,0.96,0.07,0.03,38,8,23,0.21052631578947367,-0.0034210526315789453,7,0,3,14
15~20,0.96,0.07,0.04,38,12,20,0.3157894736842105,0.00033444690386402384,5,1,3,14
15~20,0.96,0.07,0.05,38,16,19,0.42105263157894735,0.0037554995354429715,2,1,3,14
15~20,0.96,0.07,0.06,38,17,16,0.4473684210526316,0.002687499614080383,1,4,3,14
15~20,0.96,0.08,0.03,38,8,27,0.21052631578947367,-0.004473684210526315,3,0,3,14
15~20,0.96,0.08,0.04,38,11,24,0.2894736842105263,-0.0028234478329780834,2,1,3,14
15~20,0.96,0.08,0.05,38,14,22,0.3684210526315789,-0.000191868885609663,1,1,3,14
15~20,0.96,0.08,0.06,38,15,18,0.39473684210526316,-0.00020723722802488202,1,4,3,14
15~20,0.96,0.09,0.03,38,7,29,0.18421052631578946,-0.00631578947368421,2,0,3,14
15~20,0.96,0.09,0.04,38,10,26,0.2631578947368421,-0.004402395201399137,1,1,3,14
15~20,0.96,0.09,0.05,38,13,23,0.34210526315789475,-0.00019186888560966483,1,1,3,14
15~20,0.96,0.09,0.06,38,14,19,0.3684210526315789,-0.00020723722802488384,1,4,3,14
15~20,0.96,0.1,0.03,38,4,33,0.10526315789473684,-0.015526315789473683,1,0,3,14
15~20,0.96,0.1,0.04,38,6,30,0.15789473684210525,-0.016507658359293874,1,1,3,14
15~20,0.96,0.1,0.05,38,9,27,0.23684210526315788,-0.012560289938241242,1,1,3,14
15~20,0.96,0.1,0.06,38,10,23,0.2631578947368421,-0.013365131964866986,1,4,3,14
15~20,0.97,0.05,0.03,38,9,19,0.23684210526315788,-0.003157894736842104,10,0,3,14
15~20,0.97,0.05,0.04,38,13,17,0.34210526315789475,-0.0007894736842105258,8,0,3,14
15~20,0.97,0.05,0.05,38,16,15,0.42105263157894735,0.00033371196562559835,6,1,3,14
15~20,0.97,0.05,0.06,38,20,14,0.5263157894736842,0.003228448807730864,3,1,3,14
15~20,0.97,0.06,0.03,38,9,21,0.23684210526315788,-0.0023684210526315787,8,0,3,14
15~20,0.97,0.06,0.04,38,12,19,0.3157894736842105,-0.0010526315789473695,7,0,3,14
15~20,0.97,0.06,0.05,38,15,17,0.39473684210526316,0.0003337119656255962,5,1,3,14
15~20,0.97,0.06,0.06,38,19,16,0.5,0.0037547645972045456,2,1,3,14
15~20,0.97,0.07,0.03,38,9,25,0.23684210526315788,-0.003157894736842103,4,0,3,14
15~20,0.97,0.07,0.04,38,12,23,0.3157894736842105,-0.002105263157894735,3,0,3,14
15~20,0.97,0.07,0.05,38,14,21,0.3684210526315789,-0.002824182771216506,2,1,3,14
15~20,0.97,0.07,0.06,38,17,19,0.4473684210526316,0.00033371196562560236,1,1,3,14
15~20,0.97,0.08,0.03,38,8,28,0.21052631578947367,-0.005263157894736841,2,0,3,14
15~20,0.97,0.08,0.04,38,10,26,0.2631578947368421,-0.00631578947368421,2,0,3,14
15~20,0.97,0.08,0.05,38,12,24,0.3157894736842105,-0.007297866981742823,1,1,3,14
15~20,0.97,0.08,0.06,38,15,21,0.39473684210526316,-0.002561024876479663,1,1,3,14
15~20,0.97,0.09,0.03,38,6,31,0.15789473684210525,-0.010263157894736842,1,0,3,14
15~20,0.97,0.09,0.04,38,8,29,0.21052631578947367,-0.011578947368421055,1,0,3,14
15~20,0.97,0.09,0.05,38,9,27,0.23684210526315788,-0.01519260382384809,1,1,3,14
15~20,0.97,0.09,0.06,38,12,24,0.3157894736842105,-0.010455761718584927,1,1,3,14
15~20,0.97,0.1,0.03,38,4,33,0.10526315789473684,-0.015526315789473683,1,0,3,14
15~20,0.97,0.1,0.04,38,5,32,0.13157894736842105,-0.020526315789473684,1,0,3,14
15~20,0.97,0.1,0.05,38,7,29,0.18421052631578946,-0.02071891961332177,1,1,3,14
15~20,0.97,0.1,0.06,38,10,26,0.2631578947368421,-0.01571891961332177,1,1,3,14
20~25,0.94,0.05,0.03,16,9,3,0.5625,0.022500000000000003,4,0,5,5
20~25,0.94,0.05,0.04,16,12,3,0.75,0.030000000000000002,1,0,5,5
20~25,0.94,0.05,0.05,16,13,3,0.8125,0.03125,0,0,5,5
20~25,0.94,0.05,0.06,16,13,3,0.8125,0.029375000000000002,0,0,5,5
20~25,0.94,0.06,0.03,16,9,3,0.5625,0.028124999999999997,4,0,5,5
20~25,0.94,0.06,0.04,16,12,3,0.75,0.0375,1,0,5,5
20~25,0.94,0.06,0.05,16,13,3,0.8125,0.039375,0,0,5,5
20~25,0.94,0.06,0.06,16,13,3,0.8125,0.0375,0,0,5,5
20~25,0.94,0.07,0.03,16,9,4,0.5625,0.031875,3,0,5,5
20~25,0.94,0.07,0.04,16,12,3,0.75,0.045000000000000005,1,0,5,5
20~25,0.94,0.07,0.05,16,13,3,0.8125,0.04750000000000001,0,0,5,5
20~25,0.94,0.07,0.06,16,13,3,0.8125,0.045625000000000006,0,0,5,5
20~25,0.94,0.08,0.03,16,9,4,0.5625,0.0375,3,0,5,5
20~25,0.94,0.08,0.04,16,12,3,0.75,0.0525,1,0,5,5
20~25,0.94,0.08,0.05,16,13,3,0.8125,0.055625,0,0,5,5
20~25,0.94,0.08,0.06,16,13,3,0.8125,0.05375,0,0,5,5
20~25,0.94,0.09,0.03,16,9,5,0.5625,0.041249999999999995,2,0,5,5
20~25,0.94,0.09,0.04,16,12,3,0.75,0.06,1,0,5,5
20~25,0.94,0.09,0.05,16,13,3,0.8125,0.06375,0,0,5,5
20~25,0.94,0.09,0.06,16,13,3,0.8125,0.061875,0,0,5,5
20~25,0.94,0.1,0.03,16,9,6,0.5625,0.045000000000000005,1,0,5,5
20~25,0.94,0.1,0.04,16,10,5,0.625,0.05,1,0,5,5
20~25,0.94,0.1,0.05,16,11,5,0.6875,0.053125000000000006,0,0,5,5
20~25,0.94,0.1,0.06,16,11,5,0.6875,0.05,0,0,5,5
20~25,0.95,0.05,0.03,16,8,3,0.5,0.019375000000000003,5,0,5,5
20~25,0.95,0.05,0.04,16,9,3,0.5625,0.020625,4,0,5,5
20~25,0.95,0.05,0.05,16,12,3,0.75,0.028125,1,0,5,5
20~25,0.95,0.05,0.06,16,13,3,0.8125,0.029375000000000002,0,0,5,5
20~25,0.95,0.06,0.03,16,8,4,0.5,0.0225,4,0,5,5
20~25,0.95,0.06,0.04,16,9,4,0.5625,0.02375,3,0,5,5
20~25,0.95,0.06,0.05,16,12,3,0.75,0.035625,1,0,5,5
20~25,0.95,0.06,0.06,16,13,3,0.8125,0.0375,0,0,5,5
20~25,0.95,0.07,0.03,16,8,4,0.5,0.027500000000000004,4,0,5,5
20~25,0.95,0.07,0.04,16,9,4,0.5625,0.029375000000000005,3,0,5,5
20~25,0.95,0.07,0.05,16,12,3,0.75,0.043125000000000004,1,0,5,5
20~25,0.95,0.07,0.06,16,13,3,0.8125,0.045625000000000006,0,0,5,5
20~25,0.95,0.08,0.03,16,8,5,0.5,0.030625,3,0,5,5
20~25,0.95,0.08,0.04,16,9,5,0.5625,0.0325,2,0,5,5
20~25,0.95,0.08,0.05,16,12,3,0.75,0.050625,1,0,5,5
20~25,0.95,0.08,0.06,16,13,3,0.8125,0.05375,0,0,5,5
20~25,0.95,0.09,0.03,16,8,6,0.5,0.03375,2,0,5,5
20~25,0.95,0.09,0.04,16,9,6,0.5625,0.035625,1,0,5,5
20~25,0.95,0.09,0.05,16,10,5,0.625,0.040624999999999994,1,0,5,5
20~25,0.95,0.09,0.06,16,11,5,0.6875,0.043125,0,0,5,5
20~25,0.95,0.1,0.03,16,7,7,0.4375,0.030625000000000003,2,0,5,5
20~25,0.95,0.1,0.04,16,9,6,0.5625,0.04125,1,0,5,5
20~25,0.95,0.1,0.05,16,10,5,0.625,0.046875,1,0,5,5
20~25,0.95,0.1,0.06,16,11,5,0.6875,0.05,0,0,5,5
20~25,0.96,0.05,0.03,17,7,5,0.4117647058823529,0.011764705882352941,5,0,4,5
20~25,0.96,0.05,0.04,17,9,4,0.5294117647058824,0.017058823529411765,4,0,4,5
20~25,0.96,0.05,0.05,17,10,4,0.5882352941176471,0.017647058823529415,3,0,4,5
20~25,0.96,0.05,0.06,17,13,3,0.7647058823529411,0.027647058823529413,1,0,4,5
20~25,0.96,0.06,0.03,17,7,6,0.4117647058823529,0.014117647058823528,4,0,4,5
20~25,0.96,0.06,0.04,17,9,4,0.5294117647058824,0.02235294117647059,4,0,4,5
20~25,0.96,0.06,0.05,17,10,4,0.5882352941176471,0.023529411764705882,3,0,4,5
20~25,0.96,0.06,0.06,17,13,3,0.7647058823529411,0.03529411764705882,1,0,4,5
20~25,0.96,0.07,0.03,17,7,7,0.4117647058823529,0.01647058823529412,3,0,4,5
20~25,0.96,0.07,0.04,17,9,5,0.5294117647058824,0.025294117647058828,3,0,4,5
20~25,0.96,0.07,0.05,17,10,5,0.5882352941176471,0.02647058823529412,2,0,4,5
20~25,0.96,0.07,0.06,17,13,3,0.7647058823529411,0.04294117647058824,1,0,4,5
20~25,0.96,0.08,0.03,17,7,8,0.4117647058823529,0.018823529411764708,2,0,4,5
20~25,0.96,0.08,0.04,17,9,6,0.5294117647058824,0.028235294117647056,2,0,4,5
20~25,0.96,0.08,0.05,17,10,6,0.5882352941176471,0.029411764705882353,1,0,4,5
20~25,0.96,0.08,0.06,17,11,5,0.6470588235294118,0.03411764705882353,1,0,4,5
20~25,0.96,0.09,0.03,17,6,9,0.35294117647058826,0.015882352941176472,2,0,4,5
20~25,0.96,0.09,0.04,17,8,7,0.47058823529411764,0.025882352941176467,2,0,4,5
20~25,0.96,0.09,0.05,17,10,6,0.5882352941176471,0.03529411764705882,1,0,4,5
20~25,0.96,0.09,0.06,17,11,5,0.6470588235294118,0.04058823529411765,1,0,4,5
20~25,0.96,0.1,0.03,17,5,11,0.29411764705882354,0.010000000000000002,1,0,4,5
20~25,0.96,0.1,0.04,17,7,8,0.4117647058823529,0.027867647058823528,1,1,4,5
20~25,0.96,0.1,0.05,17,7,7,0.4117647058823529,0.03183313845415842,1,2,4,5
20~25,0.96,0.1,0.06,17,8,6,0.47058823529411764,0.037127256101217254,1,2,4,5
20~25,0.97,0.05,0.03,17,2,11,0.11764705882352941,-0.013529411764705882,4,0,4,5
20~25,0.97,0.05,0.04,17,7,6,0.4117647058823529,0.006470588235294119,4,0,4,5
20~25,0.97,0.05,0.05,17,9,4,0.5294117647058824,0.014705882352941176,4,0,4,5
20~25,0.97,0.05,0.06,17,10,4,0.5882352941176471,0.015294117647058824,3,0,4,5
20~25,0.97,0.06,0.03,17,2,13,0.11764705882352941,-0.015882352941176472,2,0,4,5
20~25,0.97,0.06,0.04,17,7,8,0.4117647058823529,0.00588235294117647,2,0,4,5
20~25,0.97,0.06,0.05,17,9,6,0.5294117647058824,0.014117647058823526,2,0,4,5
20~25,0.97,0.06,0.06,17,10,6,0.5882352941176471,0.014117647058823528,1,0,4,5
20~25,0.97,0.07,0.03,17,2,13,0.11764705882352941,-0.014705882352941175,2,0,4,5
20~25,0.97,0.07,0.04,17,7,8,0.4117647058823529,0.010000000000000002,2,0,4,5
20~25,0.97,0.07,0.05,17,9,6,0.5294117647058824,0.019411764705882358,2,0,4,5
20~25,0.97,0.07,0.06,17,10,6,0.5882352941176471,0.020000000000000004,1,0,4,5
20~25,0.97,0.08,0.03,17,1,14,0.058823529411764705,-0.019999999999999997,2,0,4,5
20~25,0.97,0.08,0.04,17,6,9,0.35294117647058826,0.007058823529411764,2,0,4,5
20~25,0.97,0.08,0.05,17,8,7,0.47058823529411764,0.017058823529411765,2,0,4,5
20~25,0.97,0.08,0.06,17,10,6,0.5882352941176471,0.025882352941176474,1,0,4,5
20~25,0.97,0.09,0.03,17,1,15,0.058823529411764705,-0.021176470588235293,1,0,4,5
20~25,0.97,0.09,0.04,17,4,12,0.23529411764705882,-0.007058823529411766,1,0,4,5
20~25,0.97,0.09,0.05,17,6,9,0.35294117647058826,0.010145542753183745,1,1,4,5
20~25,0.97,0.09,0.06,17,6,8,0.35294117647058826,0.013445531811513972,1,2,4,5
20~25,0.97,0.1,0.03,17,0,16,0.0,-0.024342318821374793,0,1,4,5
20~25,0.97,0.1,0.04,17,1,15,0.058823529411764705,-0.025518789409610085,0,1,4,5
20~25,0.97,0.1,0.05,17,2,13,0.11764705882352941,-0.01772618783289693,0,2,4,5
20~25,0.97,0.1,0.06,17,2,12,0.11764705882352941,-0.01677913995103729,0,3,4,5
25+,0.94,0.05,0.03,10,3,3,0.3,0.006000000000000001,4,0,11,3
25+,0.94,0.05,0.04,10,5,3,0.5,0.013000000000000001,2,0,11,3
25+,0.94,0.05,0.05,10,7,3,0.7,0.02,0,0,11,3
25+,0.94,0.05,0.06,10,7,3,0.7,0.017000000000000005,0,0,11,3
25+,0.94,0.06,0.03,10,3,3,0.3,0.009,4,0,11,3
25+,0.94,0.06,0.04,10,5,3,0.5,0.018,2,0,11,3
25+,0.94,0.06,0.05,10,7,3,0.7,0.026999999999999996,0,0,11,3
25+,0.94,0.06,0.06,10,7,3,0.7,0.024,0,0,11,3
25+,0.94,0.07,0.03,10,0,8,0.0,-0.017617021276595746,1,1,11,3
25+,0.94,0.07,0.04,10,0,8,0.0,-0.025617021276595747,1,1,11,3
25+,0.94,0.07,0.05,10,1,8,0.1,-0.026617021276595747,0,1,11,3
25+,0.94,0.07,0.06,10,1,8,0.1,-0.034617021276595744,0,1,11,3
25+,0.94,0.08,0.03,10,0,9,0.0,-0.020617021276595742,0,1,11,3
25+,0.94,0.08,0.04,10,0,9,0.0,-0.029617021276595747,0,1,11,3
25+,0.94,0.08,0.05,10,0,9,0.0,-0.03861702127659575,0,1,11,3
25+,0.94,0.08,0.06,10,0,9,0.0,-0.04761702127659574,0,1,11,3
25+,0.94,0.09,0.03,10,0,9,0.0,-0.020617021276595742,0,1,11,3
25+,0.94,0.09,0.04,10,0,9,0.0,-0.029617021276595747,0,1,11,3
25+,0.94,0.09,0.05,10,0,9,0.0,-0.03861702127659575,0,1,11,3
25+,0.94,0.09,0.06,10,0,9,0.0,-0.04761702127659574,0,1,11,3
25+,0.94,0.1,0.03,10,0,9,0.0,-0.020617021276595742,0,1,11,3
25+,0.94,0.1,0.04,10,0,9,0.0,-0.029617021276595747,0,1,11,3
25+,0.94,0.1,0.05,10,0,9,0.0,-0.03861702127659575,0,1,11,3
25+,0.94,0.1,0.06,10,0,9,0.0,-0.04761702127659574,0,1,11,3
25+,0.95,0.05,0.03,11,2,3,0.18181818181818182,0.0009090909090909098,6,0,10,3
25+,0.95,0.05,0.04,11,4,3,0.36363636363636365,0.0072727272727272745,4,0,10,3
25+,0.95,0.05,0.05,11,6,3,0.5454545454545454,0.01363636363636364,2,0,10,3
25+,0.95,0.05,0.06,11,8,3,0.7272727272727273,0.020000000000000004,0,0,10,3
25+,0.95,0.06,0.03,11,0,9,0.0,-0.014976076555023922,0,2,10,3
25+,0.95,0.06,0.04,11,0,9,0.0,-0.023157894736842103,0,2,10,3
25+,0.95,0.06,0.05,11,0,9,0.0,-0.031339712918660285,0,2,10,3
25+,0.95,0.06,0.06,11,0,9,0.0,-0.039521531100478464,0,2,10,3
25+,0.95,0.07,0.03,11,0,9,0.0,-0.014976076555023922,0,2,10,3
25+,0.95,0.07,0.04,11,0,9,0.0,-0.023157894736842103,0,2,10,3
25+,0.95,0.07,0.05,11,0,9,0.0,-0.031339712918660285,0,2,10,3
25+,0.95,0.07,0.06,11,0,9,0.0,-0.039521531100478464,0,2,10,3
25+,0.95,0.08,0.03,11,0,9,0.0,-0.014976076555023922,0,2,10,3
25+,0.95,0.08,0.04,11,0,9,0.0,-0.023157894736842103,0,2,10,3
25+,0.95,0.08,0.05,11,0,9,0.0,-0.031339712918660285,0,2,10,3
25+,0.95,0.08,0.06,11,0,9,0.0,-0.039521531100478464,0,2,10,3
25+,0.95,0.09,0.03,11,0,9,0.0,-0.014976076555023922,0,2,10,3
25+,0.95,0.09,0.04,11,0,9,0.0,-0.023157894736842103,0,2,10,3
25+,0.95,0.09,0.05,11,0,9,0.0,-0.031339712918660285,0,2,10,3
25+,0.95,0.09,0.06,11,0,9,0.0,-0.039521531100478464,0,2,10,3
25+,0.95,0.1,0.03,11,0,9,0.0,-0.014976076555023922,0,2,10,3
25+,0.95,0.1,0.04,11,0,9,0.0,-0.023157894736842103,0,2,10,3
25+,0.95,0.1,0.05,11,0,9,0.0,-0.031339712918660285,0,2,10,3
25+,0.95,0.1,0.06,11,0,9,0.0,-0.039521531100478464,0,2,10,3
25+,0.96,0.05,0.03,11,0,9,0.0,-0.016969696969696968,0,2,10,3
25+,0.96,0.05,0.04,11,0,9,0.0,-0.02515151515151515,0,2,10,3
25+,0.96,0.05,0.05,11,0,9,0.0,-0.03333333333333333,0,2,10,3
25+,0.96,0.05,0.06,11,0,9,0.0,-0.04151515151515151,0,2,10,3
25+,0.96,0.06,0.03,11,0,9,0.0,-0.016969696969696968,0,2,10,3
25+,0.96,0.06,0.04,11,0,9,0.0,-0.02515151515151515,0,2,10,3
25+,0.96,0.06,0.05,11,0,9,0.0,-0.03333333333333333,0,2,10,3
25+,0.96,0.06,0.06,11,0,9,0.0,-0.04151515151515151,0,2,10,3
25+,0.96,0.07,0.03,11,0,9,0.0,-0.016969696969696968,0,2,10,3
25+,0.96,0.07,0.04,11,0,9,0.0,-0.02515151515151515,0,2,10,3
25+,0.96,0.07,0.05,11,0,9,0.0,-0.03333333333333333,0,2,10,3
25+,0.96,0.07,0.06,11,0,9,0.0,-0.04151515151515151,0,2,10,3
25+,0.96,0.08,0.03,11,0,9,0.0,-0.016969696969696968,0,2,10,3
25+,0.96,0.08,0.04,11,0,9,0.0,-0.02515151515151515,0,2,10,3
25+,0.96,0.08,0.05,11,0,9,0.0,-0.03333333333333333,0,2,10,3
25+,0.96,0.08,0.06,11,0,9,0.0,-0.04151515151515151,0,2,10,3
25+,0.96,0.09,0.03,11,0,9,0.0,-0.016969696969696968,0,2,10,3
25+,0.96,0.09,0.04,11,0,9,0.0,-0.02515151515151515,0,2,10,3
25+,0.96,0.09,0.05,11,0,9,0.0,-0.03333333333333333,0,2,10,3
25+,0.96,0.09,0.06,11,0,9,0.0,-0.04151515151515151,0,2,10,3
25+,0.96,0.1,0.03,11,0,9,0.0,-0.016969696969696968,0,2,10,3
25+,0.96,0.1,0.04,11,0,9,0.0,-0.02515151515151515,0,2,10,3
25+,0.96,0.1,0.05,11,0,9,0.0,-0.03333333333333333,0,2,10,3
25+,0.96,0.1,0.06,11,0,9,0.0,-0.04151515151515151,0,2,10,3
25+,0.97,0.05,0.03,11,0,10,0.0,-0.02446110590440487,0,1,10,3
25+,0.97,0.05,0.04,11,0,9,0.0,-0.02710402999062793,0,2,10,3
25+,0.97,0.05,0.05,11,0,9,0.0,-0.035285848172446115,0,2,10,3
25+,0.97,0.05,0.06,11,0,9,0.0,-0.043467666354264294,0,2,10,3
25+,0.97,0.06,0.03,11,0,10,0.0,-0.02446110590440487,0,1,10,3
25+,0.97,0.06,0.04,11,0,9,0.0,-0.02710402999062793,0,2,10,3
25+,0.97,0.06,0.05,11,0,9,0.0,-0.035285848172446115,0,2,10,3
25+,0.97,0.06,0.06,11,0,9,0.0,-0.043467666354264294,0,2,10,3
25+,0.97,0.07,0.03,11,0,10,0.0,-0.02446110590440487,0,1,10,3
25+,0.97,0.07,0.04,11,0,9,0.0,-0.02710402999062793,0,2,10,3
25+,0.97,0.07,0.05,11,0,9,0.0,-0.035285848172446115,0,2,10,3
25+,0.97,0.07,0.06,11,0,9,0.0,-0.043467666354264294,0,2,10,3
25+,0.97,0.08,0.03,11,0,10,0.0,-0.02446110590440487,0,1,10,3
25+,0.97,0.08,0.04,11,0,9,0.0,-0.02710402999062793,0,2,10,3
25+,0.97,0.08,0.05,11,0,9,0.0,-0.035285848172446115,0,2,10,3
25+,0.97,0.08,0.06,11,0,9,0.0,-0.043467666354264294,0,2,10,3
25+,0.97,0.09,0.03,11,0,10,0.0,-0.02446110590440487,0,1,10,3
25+,0.97,0.09,0.04,11,0,9,0.0,-0.02710402999062793,0,2,10,3
25+,0.97,0.09,0.05,11,0,9,0.0,-0.035285848172446115,0,2,10,3
25+,0.97,0.09,0.06,11,0,9,0.0,-0.043467666354264294,0,2,10,3
25+,0.97,0.1,0.03,11,0,10,0.0,-0.02446110590440487,0,1,10,3
25+,0.97,0.1,0.04,11,0,9,0.0,-0.02710402999062793,0,2,10,3
25+,0.97,0.1,0.05,11,0,9,0.0,-0.035285848172446115,0,2,10,3
25+,0.97,0.1,0.06,11,0,9,0.0,-0.043467666354264294,0,2,10,3
